STATION,NAME,LATITUDE,LONGITUDE,ELEVATION,DATE,CDSD,CDSD_ATTRIBUTES,CLDD,CLDD_ATTRIBUTES,DP01,DP01_ATTRIBUTES,DP10,DP10_ATTRIBUTES,DSND,DSND_ATTRIBUTES,DSNW,DSNW_ATTRIBUTES,DT00,DT00_ATTRIBUTES,DT32,DT32_ATTRIBUTES,DX32,DX32_ATTRIBUTES,DX70,DX70_ATTRIBUTES,DX90,DX90_ATTRIBUTES,EMNT,EMNT_ATTRIBUTES,EMSD,EMSD_ATTRIBUTES,EMSN,EMSN_ATTRIBUTES,EMXP,EMXP_ATTRIBUTES,EMXT,EMXT_ATTRIBUTES,HDSD,HDSD_ATTRIBUTES,HTDD,HTDD_ATTRIBUTES,PRCP,PRCP_ATTRIBUTES,SNOW,SNOW_ATTRIBUTES,TAVG,TAVG_ATTRIBUTES,TMAX,TMAX_ATTRIBUTES,TMIN,TMIN_ATTRIBUTES
USC00308578,"TRENTON FALLS, NY US",43.2761,-75.1566,243.8,2016-01,0,7,0,",7",,,,,,,,,5,",7",31,",7",16,",7",0,",7",0,",7",-10,",7,06,+",,,,,,,48,",7,11,+",3433,7,1340,",7",2.27,"2,a,,7",,,21.8,",7",30.6,",,,7",12.9,",,,7"
USC00308578,"TRENTON FALLS, NY US",43.2761,-75.1566,243.8,2016-02,0,7,0,",7",,,,,,,,,4,",7",27,",7",9,",7",0,",7",0,",7",-26,",7,15,",,,,,,,57,",7,29,",4576,7,1143,",7",5,"1,a,,7",,,25.6,",7",36.5,",,,7",14.7,",,,7"
USC00308578,"TRENTON FALLS, NY US",43.2761,-75.1566,243.8,2016-03,0,7,0,",7",,,,,,,,,0,",7",23,",7",3,",7",1,",7",0,",7",7,",7,04,+",,,,,,,74,",7,10,",5456,7,880,",7",3.6,",a,,7",,,36.6,",7",47.6,",,,7",25.6,",,,7"
USC00308578,"TRENTON FALLS, NY US",43.2761,-75.1566,243.8,2016-04,0,7,0,"1,7",,,,,,,,,0,",7",17,",7",1,"1,7",3,"1,7",0,"1,7",6,",7,05,",,,,,,,76,"1,7,22,",6133,7,677,"1,7",3.52,"1,a,,7",,,41.8,"1,7",53.2,"1,,,7",30.4,",,,7"
USC00308578,"TRENTON FALLS, NY US",43.2761,-75.1566,243.8,2016-05,44,7,44,",7",,,,,,,,,0,",7",1,",7",0,",7",13,",7",0,",7",29,",7,10,",,,,,,,89,",7,30,+",6477,7,344,",7",2.56,"2,a,,7",,,55.3,",7",66.1,",,,7",44.5,",,,7"
USC00308578,"TRENTON FALLS, NY US",43.2761,-75.1566,243.8,2016-06,106,7,62,",7",,,,,,,,,0,",7",0,",7",0,",7",21,",7",0,",7",39,",7,10,",,,,,,,87,",7,21,",6594,7,116,",7",5.36,",a,,7",,,63.2,",7",73.3,",,,7",53.1,",,,7"
USC00308578,"TRENTON FALLS, NY US",43.2761,-75.1566,243.8,2016-07,268,7,162,",7",,,,,,,,,0,",7",0,",7",0,",7",30,",7",0,",7",50,",7,04,",,,,,,,87,",7,25,+",7,7,7,",7",3.65,"2,a,,7",,,70,",7",80.8,",,,7",59.2,",,,7"
USC00308578,"TRENTON FALLS, NY US",43.2761,-75.1566,243.8,2016-08,425,7,157,",7",,,,,,,,,0,",7",0,",7",0,",7",29,",7",0,",7",48,",7,23,",,,,,,,89,",7,12,",15,7,7,",7",5.3,"1,a,,7",,,69.8,",7",79.3,",,,7",60.4,",,,7"
USC00308578,"TRENTON FALLS, NY US",43.2761,-75.1566,243.8,2016-09,485,7,60,",7",,,,,,,,,0,",7",0,",7",0,",7",24,",7",0,",7",35,",7,26,",,,,,,,85,",7,09,",118,7,103,",7",2.63,",a,,7",,,63.6,",7",75.4,",,,7",51.7,",,,7"
USC00308578,"TRENTON FALLS, NY US",43.2761,-75.1566,243.8,2016-10,488,7,3,",7",,,,,,,,,0,",7",8,",7",0,",7",4,",7",0,",7",26,",7,27,",,,,,,,81,",7,19,",595,7,477,",7",6.74,"2,a,,7",,,49.7,",7",58.5,",,,7",41,",,,7"
USC00308578,"TRENTON FALLS, NY US",43.2761,-75.1566,243.8,2016-11,488,7,0,",7",,,,,,,,,0,",7",16,",7",3,",7",0,",7",0,",7",23,",7,23,+",,,,,,,65,",7,20,+",1339,7,744,",7",2.9,",a,,7",,,40.2,",7",48.5,",,,7",31.8,",,,7"
USC00308578,"TRENTON FALLS, NY US",43.2761,-75.1566,243.8,2016-12,488,7,0,",7",,,,,,,,,3,",7",28,",7",13,",7",0,",7",0,",7",-11,",7,17,+",,,,,,,52,",7,01,",2529,7,1190,",7",5.84,"2,a,,7",,,26.6,",7",33.3,",,,7",19.9,",,,7"
USC00308578,"TRENTON FALLS, NY US",43.2761,-75.1566,243.8,2017-01,0,7,0,",7",,,,,,,,,3,",7",29,",7",11,",7",0,",7",0,",7",-8,",7,09,",,,,,,,50,",7,13,",3738,7,1209,",7",4.77,"3,a,,7",,,26,",7",33.6,",,,7",18.4,",,,7"
USC00308578,"TRENTON FALLS, NY US",43.2761,-75.1566,243.8,2017-02,0,7,0,",7",,,,,,,,,0,",7",25,",7",11,",7",0,",7",0,",7",5,",7,10,+",,,,,,,62,",7,25,+",4748,7,1011,",7",4.83,",a,,7",,,28.9,",7",37.3,",,,7",20.6,",,,7"
USC00308578,"TRENTON FALLS, NY US",43.2761,-75.1566,243.8,2017-03,0,7,0,",7",,,,,,,,,2,",7",26,",7",11,",7",0,",7",0,",7",-3,",7,12,+",,,,,,,63,",7,02,+",5927,7,1179,",7",4,",a,,7",,,27,",7",36,",,,7",18,",,,7"
USC00308578,"TRENTON FALLS, NY US",43.2761,-75.1566,243.8,2017-04,1,7,1,",7",12,",7",11,",7",0,",7",0,",7",0,",7",11,",7",0,",7",6,",7",0,",7",24,",7,10,",0,",,7,30,+",0,",,7,30,+",1.8,",,7,05,",80,",7,11,",6417,7,490,",7",6.35,",,,7",0,",,,7",48.7,",7",59.3,",,,7",38.1,",,,7"
USC00308578,"TRENTON FALLS, NY US",43.2761,-75.1566,243.8,2017-05,16,7,15,",7",16,",7",11,",7",0,",7",0,",7",0,",7",1,",7",0,",7",6,",7",0,",7",31,",7,04,",0,",,7,31,+",0,",,7,31,+",1.72,",,7,30,",87,",7,19,",6812,7,395,",7",7.88,",,,7",0,",,,7",52.7,",7",61.2,",,,7",44.2,",,,7"
USC00308578,"TRENTON FALLS, NY US",43.2761,-75.1566,243.8,2017-06,66,7,51,",7",15,",7",12,",7",0,",7",0,",7",0,",7",0,",7",0,",7",21,",7",0,",7",39,",7,03,+",0,",,7,30,+",0,",,7,30,+",1.16,",,7,19,",88,",7,19,+",6928,7,116,",7",6.51,",,,7",0,",,,7",62.8,",7",73.4,",,,7",52.2,",,,7"
USC00308578,"TRENTON FALLS, NY US",43.2761,-75.1566,243.8,2017-07,173,7,107,",7",13,",7",11,",7",0,",7",0,",7",0,",7",0,",7",0,",7",29,",7",0,",7",48,",7,30,",0,",,7,31,+",0,",,7,31,+",3.67,",,7,02,",84,",7,13,",11,7,11,",7",8.54,",,,7",0,",,,7",68.1,",7",76.6,",,,7",59.6,",,,7"
USC00308578,"TRENTON FALLS, NY US",43.2761,-75.1566,243.8,2017-08,244,7,71,",7",,,,,0,",7",0,",7",0,",7",0,",7",0,",7",28,",7",0,",7",41,",7,23,",0,",,7,31,+",0,",,7,31,+",,,85,",7,03,",84,7,72,",7",5.87,",a,,7",0,",,,7",65,",7",75.8,",,,7",54.1,",,,7"
USC00308578,"TRENTON FALLS, NY US",43.2761,-75.1566,243.8,2017-09,316,7,72,",7",6,",7",5,",7",0,",7",0,",7",0,",7",0,",7",0,",7",19,",7",0,",7",37,",7,12,+",0,",,7,30,+",0,",,7,30,+",0.87,",,7,03,",89,",7,25,+",221,7,137,",7",2.69,",,,7",0,",,,7",62.8,",7",74.2,",,,7",51.4,",,,7"
USC00308578,"TRENTON FALLS, NY US",43.2761,-75.1566,243.8,2017-10,320,7,4,",7",9,"5,7",7,"5,7",0,",7",0,",7",0,",7",1,",7",0,",7",13,",7",0,",7",29,",7,17,",0,",,7,31,+",0,",,7,31,+",3.48,"5,,7,30,",78,",7,05,",509,7,288,",7",7.29,",a,,7",0,",,,7",55.8,",7",66.1,",,,7",45.6,",,,7"
USC00308578,"TRENTON FALLS, NY US",43.2761,-75.1566,243.8,2017-11,320,7,0,",7",,,,,,,,,0,",7",22,",7",1,",7",0,",7",0,",7",13,",7,13,",,,,,,,61,",7,03,",1357,7,848,",7",6.04,",a,,7",,,36.7,",7",44.1,",,,7",29.4,",,,7"
USC00308578,"TRENTON FALLS, NY US",43.2761,-75.1566,243.8,2017-12,320,7,0,",7",13,",7",9,",7",,,,,5,",7",29,",7",20,",7",0,",7",0,",7",-18,",7,31,+",,,,,1.13,",,7,27,",50,",7,06,",2680,7,1322,",7",4.24,",,,7",,,22.3,",7",29.5,",,,7",15.2,",,,7"
USC00308578,"TRENTON FALLS, NY US",43.2761,-75.1566,243.8,2018-01,0,7,0,",7",11,",7",9,",7",,,,,8,",7",29,",7",18,",7",0,",7",0,",7",-18,",7,07,+",,,,,1.08,",,7,15,",53,",7,12,",4145,7,1465,",7",4.04,",,,7",,,17.7,",7",27.4,",,,7",8.1,",,,7"
USC00308578,"TRENTON FALLS, NY US",43.2761,-75.1566,243.8,2018-02,0,7,0,",7",11,",7",9,",7",,,,,2,",7",25,",7",10,",7",0,",7",0,",7",0,",7,14,+",,,,,1,",,7,20,",69,",7,22,",5175,7,1030,",7",4.61,",,,7",,,28.2,",7",38.6,",,,7",17.9,",,,7"
USC00308578,"TRENTON FALLS, NY US",43.2761,-75.1566,243.8,2018-03,0,7,0,",7",9,",7",8,",7",,,,,0,",7",30,",7",9,",7",0,",7",0,",7",2,",7,19,+",,,,,1.45,",,7,02,",58,",7,01,",6276,7,1101,",7",4.41,",,,7",,,29.5,",7",37.6,",,,7",21.4,",,,7"
USC00308578,"TRENTON FALLS, NY US",43.2761,-75.1566,243.8,2018-04,0,7,0,",7",10,",7",9,",7",,,,,0,",7",21,",7",2,",7",2,",7",0,",7",14,",7,09,+",,,,,1.1,",,7,04,",70,",7,25,+",7093,7,817,",7",4.16,",,,7",,,37.8,",7",46.2,",,,7",29.3,",,,7"
USC00308578,"TRENTON FALLS, NY US",43.2761,-75.1566,243.8,2018-05,29,7,29,",7",12,",7",10,",7",,,,,0,",7",0,",7",0,",7",21,",7",0,",7",34,",7,01,",,,,,0.95,",,7,21,",86,",7,31,",7244,7,151,",7",3.42,",,,7",,,61.1,",7",73.9,",,,7",48.3,",,,7"
USC00308578,"TRENTON FALLS, NY US",43.2761,-75.1566,243.8,2018-06,76,7,47,",7",8,",7",7,",7",,,,,0,",7",0,",7",0,",7",23,",7",1,",7",43,",7,26,",,,,,1.23,",,7,04,",90,",7,30,",7333,7,89,",7",3.31,",,,7",,,63.6,",7",74.9,",,,7",52.3,",,,7"
USC00308578,"TRENTON FALLS, NY US",43.2761,-75.1566,243.8,2018-07,311,7,235,",7",10,",7",6,",7",,,,,0,",7",0,",7",0,",7",31,",7",6,",7",46,",7,07,",,,,,1.92,",,7,25,",94,",7,02,",9,7,9,",7",6.68,",,,7",,,72.3,",7",83.3,",,,7",61.2,",,,7"
USC00308578,"TRENTON FALLS, NY US",43.2761,-75.1566,243.8,2018-08,498,7,187,"3,7",12,"3,7",8,"3,7",,,,,0,"3,7",0,"3,7",0,"3,7",28,"3,7",0,"3,7",50,"3,7,23,",,,,,2.23,"3,,7,20,",89,"3,7,08,+",15,7,5,"3,7",5.24,"3,,,7",,,71.5,"3,7",80.2,"3,,,7",62.8,"3,,,7"
USC00308578,"TRENTON FALLS, NY US",43.2761,-75.1566,243.8,2018-09,592,7,93,",7",11,",7",8,",7",,,,,0,",7",0,",7",0,",7",20,",7",0,",7",38,",7,24,+",,,,,2.5,",,7,11,",89,",7,07,",139,7,125,",7",5.91,",,,7",,,63.9,",7",73.5,",,,7",54.4,",,,7"
USC00308578,"TRENTON FALLS, NY US",43.2761,-75.1566,243.8,2018-10,604,7,12,",7",21,",7",10,",7",,,,,0,",7",5,",7",0,",7",4,",7",0,",7",28,",7,26,",,,,,1.75,",,7,29,",81,",7,11,",681,7,542,",7",6,",,,7",,,47.9,",7",55.2,",,,7",40.6,",,,7"
USC00308578,"TRENTON FALLS, NY US",43.2761,-75.1566,243.8,2018-11,604,7,0,"1,7",13,",7",12,",7",,,,,2,",7",22,",7",5,"1,7",0,"1,7",0,"1,7",-7,",7,22,",,,,,1.32,",,7,13,",56,"1,7,07,",1586,7,905,"1,7",6.68,",,,7",,,33.9,"1,7",40,"1,,,7",27.9,",,,7"
USC00308578,"TRENTON FALLS, NY US",43.2761,-75.1566,243.8,2018-12,604,7,0,"1,7",9,",7",8,",7",,,,,0,",7",30,",7",15,"1,7",0,"1,7",0,"1,7",1,",7,10,+",,,,,1.25,",,7,03,",54,"1,7,22,",2736,7,1150,"1,7",4.08,",,,7",,,26.7,"1,7",34.1,"1,,,7",19.3,",,,7"
USC00308578,"TRENTON FALLS, NY US",43.2761,-75.1566,243.8,2019-01,0,7,0,",7",9,",7",8,",7",,,,,7,",7",31,",7",23,",7",0,",7",0,",7",-15,",7,23,+",,,,,1.25,",,7,21,",49,",7,02,",4267,7,1531,",7",4.8,",,,7",,,15.6,",7",25.3,",,,7",6,",,,7"
USC00308578,"TRENTON FALLS, NY US",43.2761,-75.1566,243.8,2019-02,0,7,0,",7",10,",7",10,",7",,,,,5,",7",25,",7",15,",7",0,",7",0,",7",-10,",7,01,",,,,,1.34,",,7,13,",56,",7,05,",5433,7,1166,",7",5.28,",,,7",,,23.4,",7",31.7,",,,7",15,",,,7"
USC00308578,"TRENTON FALLS, NY US",43.2761,-75.1566,243.8,2019-03,0,7,0,"1,7",7,",7",5,",7",,,,,1,",7",29,",7",10,"1,7",0,"1,7",0,"1,7",-1,",7,07,",,,,,0.75,",,7,22,",56,"1,7,29,",6540,7,1107,"1,7",1.87,",,,7",,,28,"1,7",36.8,"1,,,7",19.3,",,,7"
USC00308578,"TRENTON FALLS, NY US",43.2761,-75.1566,243.8,2019-04,0,7,0,",7",10,",7",9,",7",,,,,0,",7",11,",7",0,",7",2,",7",0,",7",21,",7,02,",,,,,1.47,",,7,20,",73,",7,24,",7135,7,596,",7",6.54,",,,7",,,45.1,",7",55.6,",,,7",34.6,",,,7"
USC00308578,"TRENTON FALLS, NY US",43.2761,-75.1566,243.8,2019-05,0,7,0,",7",16,",7",14,",7",,,,,0,",7",1,",7",0,",7",3,",7",0,",7",27,",7,22,",,,,,2.13,",,7,10,",76,",7,20,+",7629,7,494,",7",9.47,",,,7",,,49.1,",7",57.1,",,,7",41,",,,7"
USC00308578,"TRENTON FALLS, NY US",43.2761,-75.1566,243.8,2019-06,33,7,33,",7",11,",7",10,",7",,,,,0,",7",1,",7",0,",7",18,",7",0,",7",28,",7,04,",,,,,0.93,",,7,20,",84,",7,27,",7821,7,192,",7",5.91,",,,7",,,59.7,",7",70,",,,7",49.4,",,,7"
USC00308578,"TRENTON FALLS, NY US",43.2761,-75.1566,243.8,2019-07,184,7,152,",7",11,",7",8,",7",,,,,0,",7",0,",7",0,",7",26,",7",0,",7",42,",7,08,",,,,,1.87,",,7,18,",88,",7,21,",44,7,44,",7",6.73,",,,7",,,68.5,",7",78.5,",,,7",58.5,",,,7"
USC00308578,"TRENTON FALLS, NY US",43.2761,-75.1566,243.8,2019-08,267,7,83,",7",9,",7",6,",7",,,,,0,",7",0,",7",0,",7",30,",7",0,",7",47,",7,31,+",,,,,1.51,",,7,19,",85,",7,07,",81,7,37,",7",4.45,",,,7",,,66.5,",7",78,",,,7",54.9,",,,7"
USC00308578,"TRENTON FALLS, NY US",43.2761,-75.1566,243.8,2019-09,284,7,17,",7",11,",7",10,",7",,,,,0,",7",0,",7",0,",7",22,",7",0,",7",41,",7,19,",,,,,1.24,",,7,03,",83,",7,23,",226,7,145,",7",4.13,",,,7",,,60.7,",7",71.4,",,,7",50,",,,7"
USC00308578,"TRENTON FALLS, NY US",43.2761,-75.1566,243.8,2019-10,291,7,6,",7",,,,,,,,,0,",7",3,",7",0,",7",2,",7",0,",7",30,",7,06,+",,,,,,,83,",7,02,",703,7,477,",7",8.6,",a,,7",,,49.8,",7",59,",,,7",40.7,",,,7"
USC00308578,"TRENTON FALLS, NY US",43.2761,-75.1566,243.8,2019-11,291,7,0,"1,7",6,"4,7",6,"4,7",,,,,0,"1,7",24,"1,7",2,",7",0,",7",0,",7",3,"1,7,13,",,,,,2.8,"4,,7,01,",68,",7,01,",1614,7,911,",7",5.63,",a,,7",,,33.5,"1,7",41.7,",,,7",25.4,"1,,,7"
USC00308578,"TRENTON FALLS, NY US",43.2761,-75.1566,243.8,2019-12,291,7,0,",7",,,,,,,,,3,",7",29,",7",13,",7",0,",7",0,",7",-3,",7,20,",,,,,,,52,",7,24,",2818,7,1204,",7",5.3,"1,a,,7",,,26.2,",7",34.6,",,,7",17.8,",,,7"
USC00308578,"TRENTON FALLS, NY US",43.2761,-75.1566,243.8,2020-01,0,7,0,",7",,,,,,,,,3,",7",31,",7",12,",7",0,",7",0,",7",-3,",7,21,",,,,,,,59,",7,13,+",4017,7,1199,",7",3.34,",a,,7",,,26.3,",7",34.7,",,,7",18,",,,7"
USC00308578,"TRENTON FALLS, NY US",43.2761,-75.1566,243.8,2020-02,0,7,0,"1,7",,,,,,,,,6,"1,7",26,"1,7",6,"1,7",0,"1,7",0,"1,7",-12,"1,7,16,+",,,,,,,53,"1,7,25,",5124,7,1107,"1,7",4.5,"1,a,,7",,,25.4,"1,7",35.7,"1,,,7",15.2,"1,,,7"
USC00308578,"TRENTON FALLS, NY US",43.2761,-75.1566,243.8,2020-03,0,7,0,"1,7",,,,,,,,,0,",7",23,",7",2,"1,7",0,"1,7",0,"1,7",8,",7,02,+",,,,,,,65,"1,7,10,",6023,7,899,"1,7",3.53,"1,a,,7",,,34.9,"1,7",43.9,"1,,,7",25.8,",,,7"
USC00308578,"TRENTON FALLS, NY US",43.2761,-75.1566,243.8,2020-05,,,47,",7",,,,,,,,,0,",7",7,",7",0,",7",13,",7",2,",7",26,",7,13,",,,,,,,90,",7,27,+",,,384,",7",3.15,",a,,7",,,54.1,",7",66,",,,7",42.2,",,,7"
USC00308578,"TRENTON FALLS, NY US",43.2761,-75.1566,243.8,2020-06,,,109,",7",5,",7",3,",7",,,,,0,",7",0,",7",0,",7",23,",7",1,",7",36,",7,01,",,,,,0.77,",,7,01,",90,",7,23,",,,86,",7",1.92,",,,7",,,65.7,",7",77.3,",,,7",54.2,",,,7"
USC00308578,"TRENTON FALLS, NY US",43.2761,-75.1566,243.8,2020-07,,,231,",7",11,",7",9,",7",,,,,0,",7",0,",7",0,",7",31,",7",3,",7",55,",7,31,+",,,,,1.54,",,7,13,",92,",7,10,",0,7,0,",7",5.8,",,,7",,,72.4,",7",83.6,",,,7",61.3,",,,7"
USC00308578,"TRENTON FALLS, NY US",43.2761,-75.1566,243.8,2020-08,,,143,",7",,,,,,,,,0,",7",0,",7",0,",7",28,",7",1,",7",47,",7,31,",,,,,,,90,",7,12,",22,7,22,",7",3.59,",a,,7",,,68.9,",7",79.8,",,,7",58,",,,7"
USC00308578,"TRENTON FALLS, NY US",43.2761,-75.1566,243.8,2020-09,,,42,",7",5,",7",3,",7",,,,,0,",7",2,",7",0,",7",19,",7",0,",7",31,",7,20,+",,,,,1.12,",,7,30,",86,",7,10,",210,7,188,",7",2.14,",,,7",,,60.2,",7",71.2,",,,7",49.1,",,,7"
USC00308578,"TRENTON FALLS, NY US",43.2761,-75.1566,243.8,2020-10,,,1,"1,7",,,,,,,,,0,"1,7",2,"1,7",0,"1,7",3,"1,7",0,"1,7",30,"1,7,26,",,,,,,,78,"1,7,16,+",670,7,460,"1,7",4.41,"1,a,,7",,,49.7,"1,7",58.7,"1,,,7",40.7,"1,,,7"
USC00308578,"TRENTON FALLS, NY US",43.2761,-75.1566,243.8,2020-11,,,0,"3,7",,,,,,,,,0,"3,7",19,"3,7",2,"3,7",1,"3,7",0,"3,7",14,"3,7,19,",,,,,,,75,"3,7,11,",1366,7,695,"3,7",4.17,"1,a,,7",,,39.2,"3,7",48.6,"3,,,7",29.8,"3,,,7"
USC00308578,"TRENTON FALLS, NY US",43.2761,-75.1566,243.8,2020-12,,,0,",7",,,,,,,,,0,",7",29,",7",12,",7",0,",7",0,",7",8,",7,18,",,,,,,,56,",7,26,",2457,7,1091,",7",3.89,",a,,7",,,29.8,",7",36.2,",,,7",23.4,",,,7"
USC00308578,"TRENTON FALLS, NY US",43.2761,-75.1566,243.8,2021-01,0,7,0,",7",,,,,,,,,5,",7",31,",7",21,",7",0,",7",0,",7",-5,",7,25,",,,,,,,39,",7,02,",3771,7,1314,",7",2.4,"2,a,,7",,,22.6,",7",29,",,,7",16.2,",,,7"
USC00308578,"TRENTON FALLS, NY US",43.2761,-75.1566,243.8,2021-02,0,7,0,",7",10,",7",7,",7",,,5,",7",3,",7",28,",7",20,",7",0,",7",0,",7",-6,",7,01,",,,10,",,7,23,",0.85,",,7,23,",47,",7,25,",4998,7,1227,",7",2.23,",,,7",22,",,,7",21.2,",7",29.5,",,,7",12.9,",,,7"
USC00308578,"TRENTON FALLS, NY US",43.2761,-75.1566,243.8,2021-03,0,7,0,",7",5,"4,7",3,"4,7",,,0,"2,7",2,",7",27,",7",8,",7",1,",7",0,",7",0,",7,09,+",,,0,"2,,7,31,+",0.45,"4,,7,01,",72,",7,26,",5987,7,989,",7",2.07,"1,a,,7",0,"2,,,7",33.1,",7",45.4,",,,7",20.8,",,,7"
USC00308578,"TRENTON FALLS, NY US",43.2761,-75.1566,243.8,2021-04,0,7,0,",7",12,",7",11,",7",,,,,0,",7",13,",7",0,",7",5,",7",0,",7",16,",7,04,",,,,,0.83,",,7,30,",76,",7,11,",6597,7,610,",7",3.08,",,,7",,,44.7,",7",55.7,",,,7",33.6,",,,7"
USC00308578,"TRENTON FALLS, NY US",43.2761,-75.1566,243.8,2021-05,32,7,32,",7",9,",7",7,",7",,,,,0,",7",3,",7",0,",7",13,",7",0,",7",31,",7,13,",,,,,0.71,",,7,10,",88,",7,22,",6964,7,366,",7",3.29,",,,7",,,54.2,",7",66,",,,7",42.5,",,,7"
USC00308578,"TRENTON FALLS, NY US",43.2761,-75.1566,243.8,2021-06,149,7,117,",7",,,,,0,",7",0,",7",0,",7",0,",7",0,",7",24,",7",2,",7",41,",7,17,",0,",,7,30,+",0,",,7,30,+",,,90,",7,29,+",7029,7,66,",7",7.86,",a,,7",0,",,,7",66.7,",7",78,",,,7",55.4,",,,7"
USC00308578,"TRENTON FALLS, NY US",43.2761,-75.1566,243.8,2021-07,255,7,106,",7",16,",7",13,",7",,,,,0,",7",0,",7",0,",7",28,",7",0,",7",45,",7,31,+",,,,,2.22,",,7,19,",85,",7,16,",26,7,26,",7",11.14,",,,7",,,67.6,",7",76.6,",,,7",58.5,",,,7"
USC00308578,"TRENTON FALLS, NY US",43.2761,-75.1566,243.8,2021-08,423,7,168,"2,7",,,,,0,",7",0,",7",0,"2,7",0,"2,7",0,"1,7",28,"1,7",0,"1,7",36,"2,7,05,",0,",,7,31,+",0,",,7,31,+",,,88,"1,7,27,",54,7,28,"1,7",6.26,"1,a,,7",0,",,,7",69.8,"2,7",79.8,"1,,,7",59.8,"2,,,7"
USC00308578,"TRENTON FALLS, NY US",43.2761,-75.1566,243.8,2021-09,438,7,14,",7",,,,,0,",7",0,",7",0,",7",0,",7",0,",7",23,",7",0,",7",40,",7,29,",0,",,7,30,+",0,",,7,30,+",,,77,",7,23,+",159,7,105,",7",3.83,",a,,7",0,",,,7",62,",7",71.8,",,,7",52.2,",,,7"
USC00308578,"TRENTON FALLS, NY US",43.2761,-75.1566,243.8,2021-10,438,7,0,",7",,,,,,,,,0,",7",5,",7",0,",7",7,",7",0,",7",30,",7,25,+",,,,,,,75,",7,13,+",498,7,339,",7",8.35,"2,a,,7",,,54.1,",7",62.3,",,,7",45.8,",,,7"
USC00308578,"TRENTON FALLS, NY US",43.2761,-75.1566,243.8,2021-11,438,7,0,",7",,,,,,,,,0,",7",23,",7",4,",7",0,",7",0,",7",15,",7,24,",,,,,,,59,",7,19,",1341,7,843,",7",3.98,",a,,7",,,36.9,",7",45.2,",,,7",28.6,",,,7"
USC00308578,"TRENTON FALLS, NY US",43.2761,-75.1566,243.8,2021-12,438,7,0,",7",,,,,,,,,0,",7",29,",7",6,",7",0,",7",0,",7",9,",7,20,",,,,,,,61,",7,17,",2372,7,1031,",7",5.15,",a,,7",,,31.7,",7",39.4,",,,7",24.1,",,,7"
USC00308578,"TRENTON FALLS, NY US",43.2761,-75.1566,243.8,2022-01,0,7,0,",7",9,",7",6,",7",,,3,"3,7",13,",7",31,",7",23,",7",0,",7",0,",7",-14,",7,31,+",,,8,"3,,7,10,",0.65,",,7,10,",44,",7,03,",3926,7,1553,",7",2.19,",,,7",11.5,"3,,,7",14.9,",7",26.4,",,,7",3.4,",,,7"
USC00308578,"TRENTON FALLS, NY US",43.2761,-75.1566,243.8,2022-02,0,7,0,"1,7",,,,,,,,,6,",7",26,",7",12,"1,7",0,"1,7",0,"1,7",-8,",7,06,",,,,,,,53,"1,7,22,",5030,7,1105,"1,7",5.3,",a,,7",,,23.7,"1,7",34.7,"1,,,7",12.8,",,,7"
USC00308578,"TRENTON FALLS, NY US",43.2761,-75.1566,243.8,2022-03,0,7,0,",7",11,",7",10,",7",,,,,2,",7",27,",7",7,",7",0,",7",0,",7",-8,",7,05,+",,,,,1.02,",,7,21,",68,",7,07,",6082,7,1052,",7",4.2,",,,7",,,31.1,",7",41.6,",,,7",20.5,",,,7"
USC00308578,"TRENTON FALLS, NY US",43.2761,-75.1566,243.8,2022-04,0,7,0,"4,7",,,,,,,1,"5,7",0,",7",14,",7",0,"4,7",3,"4,7",0,"4,7",25,",7,19,+",,,8,"5,,7,19,",,,72,"4,7,26,+",6628,7,546,"4,7",6.22,"1,a,,7",8,"5,,,7",44,"4,7",53.8,"4,,,7",34.2,",,,7"
USC00308578,"TRENTON FALLS, NY US",43.2761,-75.1566,243.8,2022-05,38,7,38,",7",11,",7",8,",7",0,",7",0,",7",0,",7",5,",7",0,",7",18,",7",0,",7",26,",7,01,",0,",,7,31,+",0,",,7,31,+",0.82,",,7,17,",89,",7,23,+",6861,7,233,",7",2.98,",,,7",0,",,,7",58.7,",7",71.4,",,,7",46.1,",,,7"
USC00308578,"TRENTON FALLS, NY US",43.2761,-75.1566,243.8,2022-06,88,7,49,",7",,,,,0,",7",0,",7",0,",7",0,",7",0,",7",25,",7",0,",7",39,",7,06,+",0,",,7,30,+",0,",,7,30,+",,,88,",7,27,+",6960,7,99,",7",6.03,",a,,7",0,",,,7",63.4,",7",74.9,",,,7",51.8,",,,7"
USC00308578,"TRENTON FALLS, NY US",43.2761,-75.1566,243.8,2022-07,246,7,158,",7",,,,,0,",7",0,",7",0,",7",0,",7",0,",7",31,",7",1,",7",47,",7,11,+",0,",,7,31,+",0,",,7,31,+",,,90,",7,21,",9,7,9,",7",4.43,",a,,7",0,",,,7",69.8,",7",81.3,",,,7",58.4,",,,7"
USC00308578,"TRENTON FALLS, NY US",43.2761,-75.1566,243.8,2022-08,409,7,163,",7",,,,,0,",7",0,",7",0,",7",0,",7",0,",7",31,",7",0,",7",49,",7,15,+",0,",,7,31,+",0,",,7,31,+",,,88,",7,30,+",17,7,8,",7",5.83,",a,,7",0,",,,7",70,",7",80.3,",,,7",59.7,",,,7"
USC00308578,"TRENTON FALLS, NY US",43.2761,-75.1566,243.8,2022-09,442,7,33,",7",,,,,0,",7",0,",7",0,",7",0,",7",0,",7",19,",7",0,",7",34,",7,26,+",0,",,7,30,+",0,",,7,30,+",,,81,",7,05,+",169,7,151,",7",5,",a,,7",0,",,,7",61,",7",70.9,",,,7",51.2,",,,7"
USC00308578,"TRENTON FALLS, NY US",43.2761,-75.1566,243.8,2022-10,442,7,0,",7",,,,,,,,,0,",7",7,",7",0,",7",7,",7",0,",7",29,",7,28,",,,,,,,73,",7,27,",616,7,447,",7",1.61,",a,,7",,,50.6,",7",62,",,,7",39.2,",,,7"
USC00308578,"TRENTON FALLS, NY US",43.2761,-75.1566,243.8,2022-11,444,7,2,"1,7",,,,,,,,,0,"1,7",16,"1,7",3,"1,7",3,"1,7",0,"1,7",18,"1,7,21,",,,,,,,75,"1,7,07,+",1303,7,687,"1,7",5.17,"1,a,,7",,,41.4,"1,7",50,"1,,,7",32.8,"1,,,7"
USC00308578,"TRENTON FALLS, NY US",43.2761,-75.1566,243.8,2022-12,444,7,0,",7",,,,,,,4,",7",0,",7",26,",7",12,",7",0,",7",0,",7",2,",7,24,",,,12.5,",,7,19,",,,51,",7,08,",2432,7,1129,",7",4.3,"2,a,,7",22,",,,7",28.6,",7",35.3,",,,7",21.8,",,,7"
USC00308578,"TRENTON FALLS, NY US",43.2761,-75.1566,243.8,2023-01,0,7,0,",7",,,,,,,,,0,",7",26,",7",14,",7",0,",7",0,",7",9,",7,16,",,,,,,,48,",7,03,+",3544,7,1112,",7",4.99,",a,,7",,,29.1,",7",34.3,",,,7",24,",,,7"
USC00308578,"TRENTON FALLS, NY US",43.2761,-75.1566,243.8,2023-02,0,7,0,"1,7",9,",7",6,",7",,,,,3,"1,7",25,"1,7",11,",7",0,",7",0,",7",-23,"1,7,04,",,,,,1.21,",,7,10,",61,",7,16,",4571,7,1028,",7",3.3,",,,7",,,27,"1,7",36.5,",,,7",17.5,"1,,,7"
USC00308578,"TRENTON FALLS, NY US",43.2761,-75.1566,243.8,2023-03,0,7,0,"1,7",,,,,,,,,0,"1,7",28,"1,7",1,",7",0,",7",0,",7",16,"1,7,12,+",,,,,,,53,",7,24,",5570,7,998,",7",3.6,",a,,7",,,31.9,"1,7",39.3,",,,7",24.5,"1,,,7"
USC00308578,"TRENTON FALLS, NY US",43.2761,-75.1566,243.8,2023-04,0,7,0,",7",,,,,,,,,0,",7",13,",7",0,",7",6,",7",0,",7",22,",7,03,+",,,,,,,83,",7,15,",6106,7,537,",7",4.64,"2,a,,7",,,47.1,",7",60,",,,7",34.2,",,,7"
USC00308578,"TRENTON FALLS, NY US",43.2761,-75.1566,243.8,2023-05,3,7,3,",7",,,,,0,",7",0,",7",0,",7",10,",7",0,",7",10,",7",0,",7",20,",7,26,",0,",,7,31,+",0,",,7,31,+",,,82,",7,31,+",6528,7,422,",7",2.84,",a,,7",0,",,,7",51.5,",7",65.4,",,,7",37.6,",,,7"
USC00308578,"TRENTON FALLS, NY US",43.2761,-75.1566,243.8,2023-06,60,7,56,",7",,,,,0,",7",0,",7",0,",7",0,",7",0,",7",19,",7",1,",7",37,",7,14,",0,",,7,30,+",0,",,7,30,+",,,90,",7,02,",6712,7,184,",7",4.96,",a,,7",0,",,,7",60.7,",7",72.2,",,,7",49.3,",,,7"
USC00308578,"TRENTON FALLS, NY US",43.2761,-75.1566,243.8,2023-07,230,7,170,",7",,,,,0,",7",0,",7",0,",7",0,",7",0,",7",29,",7",1,",7",51,",7,30,",0,",,7,31,+",0,",,7,31,+",,,90,",7,07,",7,7,7,",7",6.28,",a,,7",0,",,,7",70.2,",7",80.3,",,,7",60.2,",,,7"
USC00308578,"TRENTON FALLS, NY US",43.2761,-75.1566,243.8,2023-08,283,7,53,",7",,,,,0,",7",0,",7",0,",7",0,",7",0,",7",27,",7",0,",7",47,",7,03,",0,",,7,31,+",0,",,7,31,+",,,80,",7,17,",42,7,34,",7",9.74,",a,,7",0,",,,7",65.6,",7",74.9,",,,7",56.3,",,,7"
USC00308578,"TRENTON FALLS, NY US",43.2761,-75.1566,243.8,2023-09,342,7,59,",7",,,,,0,",7",0,",7",0,",7",0,",7",0,",7",20,",7",0,",7",40,",7,28,+",0,",,7,30,+",0,",,7,30,+",,,88,",7,07,+",186,7,144,",7",2,"1,a,,7",0,",,,7",62.2,",7",72.8,",,,7",51.6,",,,7"
USC00308578,"TRENTON FALLS, NY US",43.2761,-75.1566,243.8,2023-10,347,7,5,"1,7",,,,,,,,,0,"1,7",0,"1,7",0,"1,7",8,"1,7",0,"1,7",34,"1,7,24,+",,,,,,,86,"1,7,05,",507,7,321,"1,7",3.8,"3,a,,7",,,54.5,"1,7",63.3,"1,,,7",45.6,"1,,,7"
USC00308578,"TRENTON FALLS, NY US",43.2761,-75.1566,243.8,2023-11,347,7,0,",7",,,,,,,,,0,",7",22,",7",2,",7",0,",7",0,",7",15,",7,29,",,,,,,,60,",7,17,",1386,7,879,",7",3.5,",a,,7",,,35.7,",7",42.8,",,,7",28.6,",,,7"
USC00308578,"TRENTON FALLS, NY US",43.2761,-75.1566,243.8,2023-12,347,7,0,"1,7",,,,,,,,,0,"1,7",23,"1,7",6,",7",0,",7",0,",7",14,"1,7,22,+",,,,,,,54,",7,29,",2283,7,898,",7",6.67,",a,,7",,,35.2,"1,7",41.1,",,,7",29.3,"1,,,7"
USC00308578,"TRENTON FALLS, NY US",43.2761,-75.1566,243.8,2024-01,0,,0,",7",13,",7",10,",7",,,,,1,",7",29,",7",15,",7",0,",7",0,",7",-2,",7,20,",,,,,1.18,",,7,26,",43,",7,26,+",3481,,1197,",7",5.55,",,,7",,,26.4,",7",31.3,",,,7",21.5,",,,7"
USC00308578,"TRENTON FALLS, NY US",43.2761,-75.1566,243.8,2024-02,0,,0,",7",9,",7",6,",7",,,,,2,",7",24,",7",6,",7",0,",7",0,",7",-1,",7,21,+",,,,,0.54,",,7,29,",63,",7,28,",4483,,1002,",7",2.05,",,,7",,,30.5,",7",39.8,",,,7",21.1,",,,7"
USC00308578,"TRENTON FALLS, NY US",43.2761,-75.1566,243.8,2024-03,0,,0,",7",,,,,,,,,0,",7",19,",7",1,",7",0,",7",0,",7",8,",7,25,+",,,,,,,66,",7,14,",5339,,856,",7",5.38,",a,,7",,,37.4,",7",45.7,",,,7",29,",,,7"
USC00308578,"TRENTON FALLS, NY US",43.2761,-75.1566,243.8,2024-04,0,,0,",7",,,,,,,,,0,",7",13,",7",0,",7",1,",7",0,",7",24,",7,26,+",,,,,,,73,",7,10,",5910,,571,",7",4.43,",a,,7",,,45.9,",7",55.2,",,,7",36.7,",,,7"
USC00308578,"TRENTON FALLS, NY US",43.2761,-75.1566,243.8,2024-05,35,,35,",7",,,,,,,,,0,",7",0,",7",0,",7",19,",7",0,",7",38,",7,13,+",,,,,,,88,",7,23,",6072,,162,",7",4.6,",a,,7",,,60.9,",7",71.7,",,,7",50.1,",,,7"
USC00308578,"TRENTON FALLS, NY US",43.2761,-75.1566,243.8,2024-06,168,,132,",7",,,,,0,",7",0,",7",0,",7",0,",7",0,",7",23,",7",0,",7",44,",7,17,+",0,",,7,30,+",0,",,7,30,+",,,89,",7,20,+",6146,,74,",7",3.76,"3,a,,7",0,",,,7",66.9,",7",77,",,,7",56.9,",,,7"
USC00308578,"TRENTON FALLS, NY US",43.2761,-75.1566,243.8,2024-07,362,,195,"4,H",10,"4,H",8,"4,H",,,,,0,"4,H",0,"4,H",0,"4,H",27,"4,H",0,"4,H",49,"4,H,02,",,,,,2.86,"4,,H,01,",89,"4,H,16,+",4,,4,"4,H",7.27,"4,,,H",,,72,"4,H",82.3,"4,,,H",61.8,"4,,,H"
